Source,SS,DF,MS,F,p-unc,np2
prune_percent,38.95209991327414,17,2.2912999948984787,2.1546080684699414,0.012925725797549636,0.33718952273653635
Within,76.5677999850078,72,1.0634416664584416,,,
